,bin,expected
0,3-10%,0.4279406476820591
1,10-20%,0.24637255286998525
2,20-30%,0.14411870463588183
3,30-40%,0.10225384823410348
4,40-50%,0.0793142465779703
